--------------------------------------------------------------------------------
-- מערכת תיעוד הזמנות טיסות (ארקיע) · install_all.sql
-- סקריפט התקנה מאוחד: טבלאות + נתוני יסוד + חבילת workflow + Views.
-- להרצה בסכמת האפליקציה (ARKIA) דרך APEX SQL Scripts / SQLcl.
-- מריץ בסדר הנכון; idempotent (מוחק ובונה מחדש). קובץ 05 (הרשאות) אינו נדרש
-- כשהכל באותה סכמה.
--------------------------------------------------------------------------------

PROMPT ==== 01: טבלאות ====
--------------------------------------------------------------------------------
-- מערכת תיעוד הזמנות טיסות (ארקיע) · Flight Booking Documentation
-- 01_tables.sql — הגדרת סכמה (DDL): טבלאות, מפתחות, אילוצים, אינדקסים
--
-- מיועד ל-Oracle Autonomous Database + APEX.
-- הרצה: SQLcl / SQL Workshop בסכמת האפליקציה.
-- הסקריפט idempotent: מוחק טבלאות קיימות (אם יש) ובונה מחדש.
--------------------------------------------------------------------------------

-- ── ניקוי (מתעלם משגיאת "טבלה לא קיימת" ORA-00942) ──
BEGIN
  FOR t IN (
    SELECT table_name FROM user_tables
    WHERE table_name IN (
      'BOOKING_STATUS_LOG','BOOKING_FILES','NOTIFICATIONS','REPORT_TEMPLATES',
      'BOOKINGS','DEPT_APPROVERS','USER_ROLES','AGENTS','APP_USERS',
      'DEPARTMENTS','CURRENCIES','ROLES','STATUSES','NOTIF_TEMPLATES'
    )
  ) LOOP
    EXECUTE IMMEDIATE 'DROP TABLE "'||t.table_name||'" CASCADE CONSTRAINTS PURGE';
  END LOOP;
END;
/

--------------------------------------------------------------------------------
-- טבלאות ייחוס (Lookups) — מנוהלות ע"י מנהל המערכת
--------------------------------------------------------------------------------

-- מחלקות (ACMI, אינטרליין, מסחר, סוכנים ... הרשימה משתנה)
CREATE TABLE departments (
  dept_id     NUMBER GENERATED BY DEFAULT ON NULL AS IDENTITY PRIMARY KEY,
  dept_code   VARCHAR2(30)  NOT NULL,
  name_he     VARCHAR2(120) NOT NULL,
  name_en     VARCHAR2(120),
  is_active   CHAR(1) DEFAULT 'Y' NOT NULL CHECK (is_active IN ('Y','N')),
  created_at  TIMESTAMP DEFAULT SYSTIMESTAMP NOT NULL,
  CONSTRAINT departments_code_uk UNIQUE (dept_code)
);

-- תפקידים (הרשאות)
CREATE TABLE roles (
  role_code  VARCHAR2(20) PRIMARY KEY,   -- ADMIN / INITIATOR / APPROVER / AGENT / FINANCE
  name_he    VARCHAR2(80) NOT NULL,
  name_en    VARCHAR2(80) NOT NULL
);

-- מטבעות (USD ברירת מחדל, ניתן לשינוי)
CREATE TABLE currencies (
  code        VARCHAR2(3) PRIMARY KEY,    -- USD / EUR / ILS ...
  name_he     VARCHAR2(60) NOT NULL,
  name_en     VARCHAR2(60) NOT NULL,
  symbol      VARCHAR2(6),
  is_default  CHAR(1) DEFAULT 'N' NOT NULL CHECK (is_default IN ('Y','N'))
);

-- סטטוסים דו-לשוניים (מקור התוויות לכל המסכים והדוחות)
CREATE TABLE statuses (
  status_code VARCHAR2(30) PRIMARY KEY,
  label_he    VARCHAR2(80) NOT NULL,
  label_en    VARCHAR2(80) NOT NULL,
  sort_order  NUMBER DEFAULT 0 NOT NULL,
  is_terminal CHAR(1) DEFAULT 'N' NOT NULL CHECK (is_terminal IN ('Y','N'))
);

--------------------------------------------------------------------------------
-- משתמשים והרשאות
--------------------------------------------------------------------------------

-- משתמש שייך למחלקה אחת בלבד (dept_id יכול להיות NULL עבור סוכנים חיצוניים)
CREATE TABLE app_users (
  user_id       NUMBER GENERATED BY DEFAULT ON NULL AS IDENTITY PRIMARY KEY,
  username      VARCHAR2(60)  NOT NULL,
  full_name     VARCHAR2(150) NOT NULL,
  email         VARCHAR2(200) NOT NULL,
  dept_id       NUMBER,
  pref_lang     VARCHAR2(2) DEFAULT 'HE' NOT NULL CHECK (pref_lang IN ('HE','EN')),
  is_active     CHAR(1) DEFAULT 'Y' NOT NULL CHECK (is_active IN ('Y','N')),
  -- אימות: hash + salt (נגזר ב-APEX ע"י custom authentication). ראו BUILD_GUIDE.
  password_hash VARCHAR2(200),
  password_salt VARCHAR2(60),
  created_at    TIMESTAMP DEFAULT SYSTIMESTAMP NOT NULL,
  CONSTRAINT app_users_username_uk UNIQUE (username),
  CONSTRAINT app_users_dept_fk FOREIGN KEY (dept_id) REFERENCES departments (dept_id)
);

-- קשר משתמש-תפקיד (רבים-לרבים: משתמש יכול לשאת כמה תפקידים)
CREATE TABLE user_roles (
  user_id   NUMBER NOT NULL,
  role_code VARCHAR2(20) NOT NULL,
  CONSTRAINT user_roles_pk PRIMARY KEY (user_id, role_code),
  CONSTRAINT user_roles_user_fk FOREIGN KEY (user_id)   REFERENCES app_users (user_id) ON DELETE CASCADE,
  CONSTRAINT user_roles_role_fk FOREIGN KEY (role_code) REFERENCES roles (role_code)
);

-- גורם מאשר לכל מחלקה (תומך כמה מאשרים למחלקה)
CREATE TABLE dept_approvers (
  dept_id          NUMBER NOT NULL,
  approver_user_id NUMBER NOT NULL,
  CONSTRAINT dept_approvers_pk PRIMARY KEY (dept_id, approver_user_id),
  CONSTRAINT dept_approvers_dept_fk FOREIGN KEY (dept_id)          REFERENCES departments (dept_id) ON DELETE CASCADE,
  CONSTRAINT dept_approvers_user_fk FOREIGN KEY (approver_user_id) REFERENCES app_users (user_id)
);

-- סוכנים (סוכן = משתמש עם תפקיד AGENT). לוגו לכל סוכן למיתוג co-branding.
CREATE TABLE agents (
  agent_id      NUMBER GENERATED BY DEFAULT ON NULL AS IDENTITY PRIMARY KEY,
  user_id       NUMBER NOT NULL,
  agency_name   VARCHAR2(150) NOT NULL,
  contact_email VARCHAR2(200),
  contact_phone VARCHAR2(40),
  logo_blob     BLOB,
  logo_mime     VARCHAR2(100),
  is_active     CHAR(1) DEFAULT 'Y' NOT NULL CHECK (is_active IN ('Y','N')),
  CONSTRAINT agents_user_uk UNIQUE (user_id),
  CONSTRAINT agents_user_fk FOREIGN KEY (user_id) REFERENCES app_users (user_id)
);

--------------------------------------------------------------------------------
-- ליבה: הזמנות
--------------------------------------------------------------------------------
CREATE TABLE bookings (
  booking_id          NUMBER GENERATED BY DEFAULT ON NULL AS IDENTITY PRIMARY KEY,
  -- שיוך ותהליך
  dept_id             NUMBER NOT NULL,
  initiator_id        NUMBER NOT NULL,                 -- המזמין
  agent_id            NUMBER,                          -- הסוכן שאליו הופנתה הבקשה
  approver_id         NUMBER,                          -- גורם מאשר (נגזר מהמחלקה)
  status              VARCHAR2(30) DEFAULT 'NEW' NOT NULL,
  -- פרטים מינימליים
  open_date           DATE DEFAULT TRUNC(SYSDATE) NOT NULL, -- תאריך פתיחת ההזמנה
  departure_date      DATE,                            -- תאריך יציאה
  ticketing_date      DATE,                            -- תאריך כרטוס
  price               NUMBER(14,2),                    -- מחיר
  currency_code       VARCHAR2(3) DEFAULT 'USD' NOT NULL,  -- מטבע (ברירת מחדל USD)
  pnr                 VARCHAR2(20),                    -- מספר PNR
  unique_booking_ref  VARCHAR2(60),                    -- מזהה חד-ערכי של ההזמנה (בכרטוס)
  -- פרטים מהסוכן
  quote_notes         VARCHAR2(2000),                  -- הערות להצעת המחיר
  trip_details        CLOB,                            -- פרטי הנסיעה
  -- דחייה / ביטול
  rejection_reason    VARCHAR2(1000),
  cancel_reason       VARCHAR2(1000),
  cancel_requested_by NUMBER,
  cancel_requested_at TIMESTAMP,
  -- מטא
  created_at          TIMESTAMP DEFAULT SYSTIMESTAMP NOT NULL,
  updated_at          TIMESTAMP DEFAULT SYSTIMESTAMP NOT NULL,
  CONSTRAINT bookings_status_fk    FOREIGN KEY (status)              REFERENCES statuses (status_code),
  CONSTRAINT bookings_dept_fk      FOREIGN KEY (dept_id)             REFERENCES departments (dept_id),
  CONSTRAINT bookings_initiator_fk FOREIGN KEY (initiator_id)        REFERENCES app_users (user_id),
  CONSTRAINT bookings_agent_fk     FOREIGN KEY (agent_id)            REFERENCES agents (agent_id),
  CONSTRAINT bookings_approver_fk  FOREIGN KEY (approver_id)         REFERENCES app_users (user_id),
  CONSTRAINT bookings_cancelby_fk  FOREIGN KEY (cancel_requested_by) REFERENCES app_users (user_id),
  CONSTRAINT bookings_currency_fk  FOREIGN KEY (currency_code)       REFERENCES currencies (code),
  CONSTRAINT bookings_price_chk    CHECK (price IS NULL OR price >= 0),
  CONSTRAINT bookings_uref_uk      UNIQUE (unique_booking_ref)
);

CREATE INDEX bookings_dept_ix     ON bookings (dept_id);
CREATE INDEX bookings_status_ix   ON bookings (status);
CREATE INDEX bookings_agent_ix    ON bookings (agent_id);
CREATE INDEX bookings_initiator_ix ON bookings (initiator_id);
CREATE INDEX bookings_open_ix     ON bookings (open_date);

--------------------------------------------------------------------------------
-- קבצים מצורפים (BLOB בתוך בסיס הנתונים)
--   QUOTE_SCREENSHOT — צילום ממערכת ההזמנות על ההצעה
--   FINAL_TICKET     — מסמך/תמונת הכרטוס הסופי
--------------------------------------------------------------------------------
CREATE TABLE booking_files (
  file_id     NUMBER GENERATED BY DEFAULT ON NULL AS IDENTITY PRIMARY KEY,
  booking_id  NUMBER NOT NULL,
  file_kind   VARCHAR2(30) NOT NULL CHECK (file_kind IN ('QUOTE_SCREENSHOT','FINAL_TICKET','OTHER')),
  filename    VARCHAR2(300) NOT NULL,
  mime_type   VARCHAR2(150),
  file_blob   BLOB NOT NULL,
  uploaded_by NUMBER NOT NULL,
  uploaded_at TIMESTAMP DEFAULT SYSTIMESTAMP NOT NULL,
  CONSTRAINT booking_files_booking_fk FOREIGN KEY (booking_id)  REFERENCES bookings (booking_id) ON DELETE CASCADE,
  CONSTRAINT booking_files_user_fk    FOREIGN KEY (uploaded_by) REFERENCES app_users (user_id)
);

CREATE INDEX booking_files_booking_ix ON booking_files (booking_id);

--------------------------------------------------------------------------------
-- לוג אודיט: "מי ביצע ומתי" — נראה בפתיחת הזמנה כציר זמן
--------------------------------------------------------------------------------
CREATE TABLE booking_status_log (
  log_id      NUMBER GENERATED BY DEFAULT ON NULL AS IDENTITY PRIMARY KEY,
  booking_id  NUMBER NOT NULL,
  from_status VARCHAR2(30),
  to_status   VARCHAR2(30) NOT NULL,
  action_by   NUMBER NOT NULL,
  action_at   TIMESTAMP DEFAULT SYSTIMESTAMP NOT NULL,
  note        VARCHAR2(2000),
  CONSTRAINT bsl_booking_fk FOREIGN KEY (booking_id) REFERENCES bookings (booking_id) ON DELETE CASCADE,
  CONSTRAINT bsl_user_fk    FOREIGN KEY (action_by)  REFERENCES app_users (user_id)
);

CREATE INDEX bsl_booking_ix ON booking_status_log (booking_id, action_at);

--------------------------------------------------------------------------------
-- התראות בתוך המערכת (פעמון + מונה לא-נקראו)
--------------------------------------------------------------------------------
CREATE TABLE notifications (
  notif_id   NUMBER GENERATED BY DEFAULT ON NULL AS IDENTITY PRIMARY KEY,
  user_id    NUMBER NOT NULL,
  booking_id NUMBER,
  notif_type VARCHAR2(40),
  message    VARCHAR2(1000) NOT NULL,
  is_read    CHAR(1) DEFAULT 'N' NOT NULL CHECK (is_read IN ('Y','N')),
  created_at TIMESTAMP DEFAULT SYSTIMESTAMP NOT NULL,
  CONSTRAINT notif_user_fk    FOREIGN KEY (user_id)    REFERENCES app_users (user_id) ON DELETE CASCADE,
  CONSTRAINT notif_booking_fk FOREIGN KEY (booking_id) REFERENCES bookings (booking_id) ON DELETE CASCADE
);

CREATE INDEX notif_user_unread_ix ON notifications (user_id, is_read);

--------------------------------------------------------------------------------
-- תבניות הודעה דו-לשוניות לכל מעבר סטטוס + תפקיד נמען
--------------------------------------------------------------------------------
CREATE TABLE notif_templates (
  status_code    VARCHAR2(30) NOT NULL,
  recipient_role VARCHAR2(20) NOT NULL,   -- AGENT / INITIATOR / APPROVER
  subject_he     VARCHAR2(200) NOT NULL,
  subject_en     VARCHAR2(200) NOT NULL,
  msg_he         VARCHAR2(1000) NOT NULL,
  msg_en         VARCHAR2(1000) NOT NULL,
  CONSTRAINT notif_templates_pk PRIMARY KEY (status_code, recipient_role),
  CONSTRAINT notif_templates_status_fk FOREIGN KEY (status_code) REFERENCES statuses (status_code)
);

--------------------------------------------------------------------------------
-- טמפלטי דוחות (מחולל בחירת שדות)
--------------------------------------------------------------------------------
CREATE TABLE report_templates (
  template_id  NUMBER GENERATED BY DEFAULT ON NULL AS IDENTITY PRIMARY KEY,
  name         VARCHAR2(150) NOT NULL,
  owner_id     NUMBER NOT NULL,
  columns_json CLOB,          -- השדות שנבחרו (JSON)
  filters_json CLOB,          -- מסננים (JSON)
  is_shared    CHAR(1) DEFAULT 'N' NOT NULL CHECK (is_shared IN ('Y','N')),
  created_at   TIMESTAMP DEFAULT SYSTIMESTAMP NOT NULL,
  CONSTRAINT report_templates_owner_fk FOREIGN KEY (owner_id) REFERENCES app_users (user_id),
  CONSTRAINT report_templates_cols_chk CHECK (columns_json IS NULL OR columns_json IS JSON),
  CONSTRAINT report_templates_filt_chk CHECK (filters_json IS NULL OR filters_json IS JSON)
);

PROMPT ✔ 01_tables.sql — הטבלאות נוצרו בהצלחה.

PROMPT ==== 02: נתוני יסוד ====
--------------------------------------------------------------------------------
-- מערכת תיעוד הזמנות טיסות (ארקיע)
-- 02_seed.sql — נתוני יסוד (ייחוס + משתמשי דמו + סוכן טוסטוס)
--
-- נטען אחרי 01_tables.sql. הסיסמאות למשתמשים נקבעות ב-03_booking_pkg.sql
-- (בלוק שמריץ BOOKING_PKG.set_password לאחר קומפילציית החבילה).
-- אין להזין כאן IDs מפורשים — ה-identity מקצה, וה-FKs מתייחסים לפי code/username.
--------------------------------------------------------------------------------

-- ── תפקידים ──
INSERT INTO roles (role_code, name_he, name_en) VALUES ('ADMIN',     'מנהל מערכת',  'Administrator');
INSERT INTO roles (role_code, name_he, name_en) VALUES ('INITIATOR', 'מזמין',       'Initiator');
INSERT INTO roles (role_code, name_he, name_en) VALUES ('APPROVER',  'גורם מאשר',   'Approver');
INSERT INTO roles (role_code, name_he, name_en) VALUES ('AGENT',     'סוכן נסיעות', 'Travel Agent');
INSERT INTO roles (role_code, name_he, name_en) VALUES ('FINANCE',   'כספים',       'Finance');

-- ── מטבעות (USD = ברירת מחדל) ──
INSERT INTO currencies (code, name_he, name_en, symbol, is_default) VALUES ('USD', 'דולר אמריקאי', 'US Dollar', '$',  'Y');
INSERT INTO currencies (code, name_he, name_en, symbol, is_default) VALUES ('EUR', 'אירו',         'Euro',      '€',  'N');
INSERT INTO currencies (code, name_he, name_en, symbol, is_default) VALUES ('ILS', 'שקל חדש',      'Israeli Shekel', '₪', 'N');
INSERT INTO currencies (code, name_he, name_en, symbol, is_default) VALUES ('GBP', 'לירה שטרלינג', 'British Pound',  '£', 'N');

-- ── סטטוסים (דו-לשוני) ──
INSERT INTO statuses (status_code, label_he, label_en, sort_order, is_terminal) VALUES ('NEW',              'נפתחה',            'New',              0,  'N');
INSERT INTO statuses (status_code, label_he, label_en, sort_order, is_terminal) VALUES ('AWAITING_QUOTE',   'ממתין להצעת מחיר', 'Awaiting Quote',   10, 'N');
INSERT INTO statuses (status_code, label_he, label_en, sort_order, is_terminal) VALUES ('QUOTE_RECEIVED',   'הצעה התקבלה',      'Quote Received',   20, 'N');
INSERT INTO statuses (status_code, label_he, label_en, sort_order, is_terminal) VALUES ('APPROVED',         'אושר',             'Approved',         30, 'N');
INSERT INTO statuses (status_code, label_he, label_en, sort_order, is_terminal) VALUES ('TICKETED',         'כורטס',            'Ticketed',         40, 'Y');
INSERT INTO statuses (status_code, label_he, label_en, sort_order, is_terminal) VALUES ('CANCEL_REQUESTED', 'בקשת ביטול',       'Cancel Requested', 50, 'N');
INSERT INTO statuses (status_code, label_he, label_en, sort_order, is_terminal) VALUES ('REJECTED',         'נדחה',             'Rejected',         90, 'Y');
INSERT INTO statuses (status_code, label_he, label_en, sort_order, is_terminal) VALUES ('CANCELLED',        'בוטל',             'Cancelled',        99, 'Y');

-- ── תבניות התראה דו-לשוניות (סטטוס × תפקיד נמען) ──
INSERT INTO notif_templates (status_code, recipient_role, subject_he, subject_en, msg_he, msg_en) VALUES
 ('AWAITING_QUOTE','AGENT',
  'בקשה חדשה להצעת מחיר', 'New quote request',
  'התקבלה בקשה חדשה להצעת מחיר עבור הזמנה #%ID%.', 'A new quote request was received for booking #%ID%.');
INSERT INTO notif_templates (status_code, recipient_role, subject_he, subject_en, msg_he, msg_en) VALUES
 ('QUOTE_RECEIVED','INITIATOR',
  'התקבלה הצעה מהסוכן', 'Quote received from agent',
  'הסוכן הגיש הצעת מחיר עבור הזמנה #%ID%.', 'The agent submitted a quote for booking #%ID%.');
INSERT INTO notif_templates (status_code, recipient_role, subject_he, subject_en, msg_he, msg_en) VALUES
 ('APPROVED','AGENT',
  'אישור לכרטוס', 'Approved for ticketing',
  'הזמנה #%ID% אושרה — ניתן לכרטס.', 'Booking #%ID% was approved — you may issue the ticket.');
INSERT INTO notif_templates (status_code, recipient_role, subject_he, subject_en, msg_he, msg_en) VALUES
 ('APPROVED','INITIATOR',
  'ההזמנה אושרה', 'Booking approved',
  'הזמנה #%ID% אושרה ע"י הגורם המאשר.', 'Booking #%ID% was approved by the approver.');
INSERT INTO notif_templates (status_code, recipient_role, subject_he, subject_en, msg_he, msg_en) VALUES
 ('TICKETED','INITIATOR',
  'ההזמנה כורטסה', 'Booking ticketed',
  'הזמנה #%ID% כורטסה. מסמך הכרטוס זמין לצפייה.', 'Booking #%ID% was ticketed. The ticket document is available.');
INSERT INTO notif_templates (status_code, recipient_role, subject_he, subject_en, msg_he, msg_en) VALUES
 ('TICKETED','APPROVER',
  'ההזמנה כורטסה', 'Booking ticketed',
  'הזמנה #%ID% כורטסה.', 'Booking #%ID% was ticketed.');
INSERT INTO notif_templates (status_code, recipient_role, subject_he, subject_en, msg_he, msg_en) VALUES
 ('REJECTED','INITIATOR',
  'ההזמנה נדחתה', 'Booking rejected',
  'הזמנה #%ID% נדחתה ע"י הגורם המאשר.', 'Booking #%ID% was rejected by the approver.');
INSERT INTO notif_templates (status_code, recipient_role, subject_he, subject_en, msg_he, msg_en) VALUES
 ('REJECTED','AGENT',
  'ההזמנה נדחתה', 'Booking rejected',
  'הזמנה #%ID% נדחתה.', 'Booking #%ID% was rejected.');
INSERT INTO notif_templates (status_code, recipient_role, subject_he, subject_en, msg_he, msg_en) VALUES
 ('CANCEL_REQUESTED','AGENT',
  'התקבלה בקשת ביטול', 'Cancellation requested',
  'התקבלה בקשת ביטול עבור הזמנה #%ID% — נדרש אישורך.', 'A cancellation was requested for booking #%ID% — your confirmation is required.');
INSERT INTO notif_templates (status_code, recipient_role, subject_he, subject_en, msg_he, msg_en) VALUES
 ('CANCEL_REQUESTED','APPROVER',
  'התקבלה בקשת ביטול', 'Cancellation requested',
  'הוגשה בקשת ביטול עבור הזמנה #%ID%.', 'A cancellation was requested for booking #%ID%.');
INSERT INTO notif_templates (status_code, recipient_role, subject_he, subject_en, msg_he, msg_en) VALUES
 ('CANCELLED','INITIATOR',
  'הביטול אושר ע"י הסוכן', 'Cancellation confirmed by agent',
  'ביטול הזמנה #%ID% אושר ע"י הסוכן.', 'Cancellation of booking #%ID% was confirmed by the agent.');
INSERT INTO notif_templates (status_code, recipient_role, subject_he, subject_en, msg_he, msg_en) VALUES
 ('CANCELLED','APPROVER',
  'הביטול אושר ע"י הסוכן', 'Cancellation confirmed by agent',
  'ביטול הזמנה #%ID% אושר ע"י הסוכן.', 'Cancellation of booking #%ID% was confirmed by the agent.');

-- ── מחלקות (הרשימה ניתנת לשינוי ע"י מנהל המערכת) ──
INSERT INTO departments (dept_code, name_he, name_en) VALUES ('ACMI',      'ACMI',      'ACMI');
INSERT INTO departments (dept_code, name_he, name_en) VALUES ('INTERLINE', 'אינטרליין', 'Interline');
INSERT INTO departments (dept_code, name_he, name_en) VALUES ('COMMERCE',  'מסחר',      'Commerce');
INSERT INTO departments (dept_code, name_he, name_en) VALUES ('AGENTS',    'סוכנים',    'Agents');

--------------------------------------------------------------------------------
-- משתמשי דמו (להחליף/להוסיף במסך הניהול). סיסמאות נקבעות ב-03_booking_pkg.sql.
--------------------------------------------------------------------------------
-- מנהל מערכת
INSERT INTO app_users (username, full_name, email, dept_id, pref_lang)
VALUES ('admin', 'מנהל מערכת', 'admin@arkia.example', NULL, 'HE');

-- מזמין ומאשר במחלקת ACMI (לבדיקת קצה-לקצה)
INSERT INTO app_users (username, full_name, email, dept_id, pref_lang)
VALUES ('initiator_acmi', 'יוזם ACMI', 'initiator.acmi@arkia.example',
        (SELECT dept_id FROM departments WHERE dept_code='ACMI'), 'HE');

INSERT INTO app_users (username, full_name, email, dept_id, pref_lang)
VALUES ('approver_acmi', 'מאשר ACMI', 'approver.acmi@arkia.example',
        (SELECT dept_id FROM departments WHERE dept_code='ACMI'), 'HE');

-- משתמש כספים
INSERT INTO app_users (username, full_name, email, dept_id, pref_lang)
VALUES ('finance', 'משתמש כספים', 'finance@arkia.example', NULL, 'HE');

-- משתמש הסוכן (טוסטוס)
INSERT INTO app_users (username, full_name, email, dept_id, pref_lang)
VALUES ('toustous', 'טוסטוס - סוכן נסיעות', 'agent@toustous.example',
        (SELECT dept_id FROM departments WHERE dept_code='AGENTS'), 'HE');

-- ── תפקידים למשתמשים ──
INSERT INTO user_roles (user_id, role_code) SELECT user_id, 'ADMIN'     FROM app_users WHERE username='admin';
INSERT INTO user_roles (user_id, role_code) SELECT user_id, 'INITIATOR' FROM app_users WHERE username='initiator_acmi';
INSERT INTO user_roles (user_id, role_code) SELECT user_id, 'APPROVER'  FROM app_users WHERE username='approver_acmi';
INSERT INTO user_roles (user_id, role_code) SELECT user_id, 'FINANCE'   FROM app_users WHERE username='finance';
INSERT INTO user_roles (user_id, role_code) SELECT user_id, 'AGENT'     FROM app_users WHERE username='toustous';

-- ── גורם מאשר למחלקת ACMI ──
INSERT INTO dept_approvers (dept_id, approver_user_id)
SELECT (SELECT dept_id FROM departments WHERE dept_code='ACMI'),
       (SELECT user_id FROM app_users WHERE username='approver_acmi')
FROM dual;

-- ── סוכן טוסטוס (הלוגו נטען בנפרד — ראו BUILD_GUIDE / bookings/assets) ──
INSERT INTO agents (user_id, agency_name, contact_email, contact_phone)
SELECT user_id, 'טוסטוס - מנועי חיפוש טיסות', 'agent@toustous.example', '000-0000000'
FROM app_users WHERE username='toustous';

COMMIT;

PROMPT ✔ 02_seed.sql — נתוני היסוד נטענו בהצלחה.

PROMPT ==== 03: חבילת workflow + סיסמאות ====
--------------------------------------------------------------------------------
-- מערכת תיעוד הזמנות טיסות (ארקיע)
-- 03_booking_pkg.sql — חבילת ה-workflow המרכזית
--
--   * change_status  — נקודת אמת אחת: עדכון סטטוס + לוג אודיט + התראות פעמון + מייל.
--   * עוטפי מעברים   — send_for_quote / submit_quote / approve / reject /
--                       ticket / request_cancel / confirm_cancel.
--   * אימות          — hash_password / set_password / authenticate (ל-APEX custom auth).
--
-- הצפנת סיסמאות: STANDARD_HASH(SHA-256) עם salt לכל משתמש — ללא תלות ב-DBMS_CRYPTO.
-- מייל: APEX_MAIL.SEND (best-effort; דורש הגדרת APEX Mail + הרצה בהקשר APEX).
--       אם המייל נכשל/לא מוגדר — ההתראה בפעמון עדיין נרשמת.
--------------------------------------------------------------------------------

CREATE OR REPLACE PACKAGE booking_pkg AS

  g_mail_from CONSTANT VARCHAR2(200) := 'no-reply@arkia.example';  -- לשנות לכתובת השולח בפועל

  -- ── אימות / סיסמאות ──
  FUNCTION  hash_password (p_salt IN VARCHAR2, p_plain IN VARCHAR2) RETURN VARCHAR2;
  PROCEDURE set_password  (p_username IN VARCHAR2, p_plain IN VARCHAR2);
  FUNCTION  authenticate  (p_username IN VARCHAR2, p_password IN VARCHAR2) RETURN BOOLEAN;

  -- ── עזר ──
  FUNCTION current_lang RETURN VARCHAR2;                    -- 'HE'/'EN' משפת הסשן (APP_LANG)
  FUNCTION derive_approver (p_dept_id IN NUMBER) RETURN NUMBER;  -- מאשר ברירת מחדל למחלקה

  -- ── ליבת ה-workflow ──
  PROCEDURE change_status (
    p_booking_id IN NUMBER,
    p_new_status IN VARCHAR2,
    p_actor_id   IN NUMBER,
    p_note       IN VARCHAR2 DEFAULT NULL
  );

  -- ── עוטפי מעברים (לשימוש תהליכי עמוד ב-APEX) ──
  PROCEDURE send_for_quote (p_booking_id IN NUMBER, p_agent_id IN NUMBER, p_actor_id IN NUMBER);
  PROCEDURE submit_quote   (p_booking_id IN NUMBER, p_price IN NUMBER, p_currency IN VARCHAR2,
                            p_trip_details IN CLOB, p_quote_notes IN VARCHAR2, p_actor_id IN NUMBER);
  PROCEDURE approve        (p_booking_id IN NUMBER, p_actor_id IN NUMBER, p_note IN VARCHAR2 DEFAULT NULL);
  PROCEDURE reject         (p_booking_id IN NUMBER, p_actor_id IN NUMBER, p_reason IN VARCHAR2);
  PROCEDURE ticket         (p_booking_id IN NUMBER, p_pnr IN VARCHAR2, p_unique_ref IN VARCHAR2,
                            p_ticketing_date IN DATE, p_actor_id IN NUMBER);
  PROCEDURE request_cancel (p_booking_id IN NUMBER, p_actor_id IN NUMBER, p_reason IN VARCHAR2);
  PROCEDURE confirm_cancel (p_booking_id IN NUMBER, p_actor_id IN NUMBER, p_note IN VARCHAR2 DEFAULT NULL);

END booking_pkg;
/

CREATE OR REPLACE PACKAGE BODY booking_pkg AS

  --------------------------------------------------------------------------------
  -- אימות / סיסמאות
  --------------------------------------------------------------------------------
  FUNCTION hash_password (p_salt IN VARCHAR2, p_plain IN VARCHAR2) RETURN VARCHAR2 IS
    -- STANDARD_HASH הוא אופרטור SQL — חייב להיקרא מתוך SELECT (לא ישירות ב-PL/SQL)
    l_hash VARCHAR2(100);
  BEGIN
    SELECT LOWER(RAWTOHEX(STANDARD_HASH(p_salt || p_plain, 'SHA256'))) INTO l_hash FROM dual;
    RETURN l_hash;
  END hash_password;

  PROCEDURE set_password (p_username IN VARCHAR2, p_plain IN VARCHAR2) IS
    l_salt VARCHAR2(60) := RAWTOHEX(SYS_GUID());
  BEGIN
    UPDATE app_users
       SET password_salt = l_salt,
           password_hash = hash_password(l_salt, p_plain)
     WHERE LOWER(username) = LOWER(p_username);
    IF SQL%ROWCOUNT = 0 THEN
      RAISE_APPLICATION_ERROR(-20001, 'משתמש לא קיים: ' || p_username);
    END IF;
  END set_password;

  FUNCTION authenticate (p_username IN VARCHAR2, p_password IN VARCHAR2) RETURN BOOLEAN IS
    l_hash   app_users.password_hash%TYPE;
    l_salt   app_users.password_salt%TYPE;
    l_active app_users.is_active%TYPE;
  BEGIN
    SELECT password_hash, password_salt, is_active
      INTO l_hash, l_salt, l_active
      FROM app_users
     WHERE LOWER(username) = LOWER(p_username);
    RETURN (l_active = 'Y'
            AND l_hash IS NOT NULL
            AND l_hash = hash_password(l_salt, p_password));
  EXCEPTION
    WHEN NO_DATA_FOUND THEN RETURN FALSE;
  END authenticate;

  --------------------------------------------------------------------------------
  -- עזר
  --------------------------------------------------------------------------------
  FUNCTION current_lang RETURN VARCHAR2 IS
    l VARCHAR2(10);
  BEGIN
    l := V('APP_LANG');
    IF UPPER(l) IN ('EN','HE') THEN RETURN UPPER(l); END IF;
    RETURN 'HE';
  EXCEPTION
    WHEN OTHERS THEN RETURN 'HE';
  END current_lang;

  FUNCTION derive_approver (p_dept_id IN NUMBER) RETURN NUMBER IS
    l_uid NUMBER;
  BEGIN
    SELECT MIN(approver_user_id) INTO l_uid
      FROM dept_approvers WHERE dept_id = p_dept_id;
    RETURN l_uid;
  END derive_approver;

  --------------------------------------------------------------------------------
  -- שליחת התראה (פעמון + מייל) למשתמש בודד, בשפת ההעדפה שלו
  --------------------------------------------------------------------------------
  PROCEDURE push (
    p_user_id    IN NUMBER,
    p_status     IN VARCHAR2,
    p_booking_id IN NUMBER,
    p_subj_he IN VARCHAR2, p_subj_en IN VARCHAR2,
    p_msg_he  IN VARCHAR2, p_msg_en  IN VARCHAR2
  ) IS
    l_lang  app_users.pref_lang%TYPE;
    l_email app_users.email%TYPE;
    l_msg   VARCHAR2(1000);
    l_subj  VARCHAR2(200);
    l_dir   VARCHAR2(3);
  BEGIN
    BEGIN
      SELECT pref_lang, email INTO l_lang, l_email
        FROM app_users WHERE user_id = p_user_id AND is_active = 'Y';
    EXCEPTION
      WHEN NO_DATA_FOUND THEN RETURN;   -- נמען לא פעיל/לא קיים — דילוג
    END;

    IF l_lang = 'EN' THEN
      l_msg := p_msg_en; l_subj := p_subj_en; l_dir := 'ltr';
    ELSE
      l_msg := p_msg_he; l_subj := p_subj_he; l_dir := 'rtl';
    END IF;
    l_msg  := REPLACE(l_msg,  '%ID%', TO_CHAR(p_booking_id));
    l_subj := REPLACE(l_subj, '%ID%', TO_CHAR(p_booking_id));

    -- פעמון בתוך המערכת
    INSERT INTO notifications (user_id, booking_id, notif_type, message)
    VALUES (p_user_id, p_booking_id, p_status, l_msg);

    -- מייל (best-effort)
    IF l_email IS NOT NULL THEN
      BEGIN
        APEX_MAIL.SEND(
          p_to        => l_email,
          p_from      => g_mail_from,
          p_subj      => l_subj,
          p_body      => l_msg,
          p_body_html => '<div dir="' || l_dir || '" style="font-family:Heebo,Arial,sans-serif">'
                         || l_msg || '</div>');
      EXCEPTION
        WHEN OTHERS THEN NULL;  -- מייל לא מוגדר/נכשל — הפעמון כבר נרשם
      END;
    END IF;
  END push;

  --------------------------------------------------------------------------------
  -- ליבת ה-workflow
  --------------------------------------------------------------------------------
  PROCEDURE change_status (
    p_booking_id IN NUMBER,
    p_new_status IN VARCHAR2,
    p_actor_id   IN NUMBER,
    p_note       IN VARCHAR2 DEFAULT NULL
  ) IS
    l_row bookings%ROWTYPE;
    l_old bookings.status%TYPE;
  BEGIN
    SELECT * INTO l_row FROM bookings WHERE booking_id = p_booking_id FOR UPDATE;
    l_old := l_row.status;

    UPDATE bookings
       SET status = p_new_status, updated_at = SYSTIMESTAMP
     WHERE booking_id = p_booking_id;

    -- לוג אודיט: מי / מתי / ממה-למה
    INSERT INTO booking_status_log (booking_id, from_status, to_status, action_by, note)
    VALUES (p_booking_id, l_old, p_new_status, p_actor_id, p_note);

    -- התראות לפי תבניות הסטטוס החדש (לכל תפקיד נמען)
    FOR t IN (SELECT * FROM notif_templates WHERE status_code = p_new_status) LOOP
      IF t.recipient_role = 'AGENT' THEN
        FOR u IN (SELECT user_id FROM agents WHERE agent_id = l_row.agent_id) LOOP
          push(u.user_id, p_new_status, p_booking_id, t.subject_he, t.subject_en, t.msg_he, t.msg_en);
        END LOOP;

      ELSIF t.recipient_role = 'INITIATOR' THEN
        IF l_row.initiator_id IS NOT NULL THEN
          push(l_row.initiator_id, p_new_status, p_booking_id, t.subject_he, t.subject_en, t.msg_he, t.msg_en);
        END IF;

      ELSIF t.recipient_role = 'APPROVER' THEN
        IF l_row.approver_id IS NOT NULL THEN
          push(l_row.approver_id, p_new_status, p_booking_id, t.subject_he, t.subject_en, t.msg_he, t.msg_en);
        ELSE
          FOR u IN (SELECT approver_user_id AS uid FROM dept_approvers WHERE dept_id = l_row.dept_id) LOOP
            push(u.uid, p_new_status, p_booking_id, t.subject_he, t.subject_en, t.msg_he, t.msg_en);
          END LOOP;
        END IF;
      END IF;
    END LOOP;
  END change_status;

  --------------------------------------------------------------------------------
  -- עוטפי מעברים
  --------------------------------------------------------------------------------
  -- ייזום → הפניה לסוכן (הגדרת סוכן + מאשר אוטומטי)
  PROCEDURE send_for_quote (p_booking_id IN NUMBER, p_agent_id IN NUMBER, p_actor_id IN NUMBER) IS
    l_dept bookings.dept_id%TYPE;
  BEGIN
    SELECT dept_id INTO l_dept FROM bookings WHERE booking_id = p_booking_id;
    UPDATE bookings
       SET agent_id    = p_agent_id,
           approver_id = NVL(approver_id, derive_approver(l_dept))
     WHERE booking_id  = p_booking_id;
    change_status(p_booking_id, 'AWAITING_QUOTE', p_actor_id);
  END send_for_quote;

  -- סוכן מגיש הצעת מחיר (הצילום מועלה בנפרד ל-booking_files)
  PROCEDURE submit_quote (p_booking_id IN NUMBER, p_price IN NUMBER, p_currency IN VARCHAR2,
                          p_trip_details IN CLOB, p_quote_notes IN VARCHAR2, p_actor_id IN NUMBER) IS
  BEGIN
    UPDATE bookings
       SET price         = p_price,
           currency_code = NVL(p_currency, currency_code),
           trip_details  = p_trip_details,
           quote_notes   = p_quote_notes
     WHERE booking_id = p_booking_id;
    change_status(p_booking_id, 'QUOTE_RECEIVED', p_actor_id);
  END submit_quote;

  PROCEDURE approve (p_booking_id IN NUMBER, p_actor_id IN NUMBER, p_note IN VARCHAR2 DEFAULT NULL) IS
  BEGIN
    change_status(p_booking_id, 'APPROVED', p_actor_id, p_note);
  END approve;

  PROCEDURE reject (p_booking_id IN NUMBER, p_actor_id IN NUMBER, p_reason IN VARCHAR2) IS
  BEGIN
    UPDATE bookings SET rejection_reason = p_reason WHERE booking_id = p_booking_id;
    change_status(p_booking_id, 'REJECTED', p_actor_id, p_reason);
  END reject;

  -- סוכן מכרטס: מזהה חד-ערכי + PNR + תאריך כרטוס (מסמך הכרטוס מועלה ל-booking_files)
  PROCEDURE ticket (p_booking_id IN NUMBER, p_pnr IN VARCHAR2, p_unique_ref IN VARCHAR2,
                    p_ticketing_date IN DATE, p_actor_id IN NUMBER) IS
  BEGIN
    UPDATE bookings
       SET pnr                = p_pnr,
           unique_booking_ref = p_unique_ref,
           ticketing_date     = NVL(p_ticketing_date, TRUNC(SYSDATE))
     WHERE booking_id = p_booking_id;
    change_status(p_booking_id, 'TICKETED', p_actor_id);
  END ticket;

  -- בקשת ביטול (יוזם/מאשר) — שלב 1
  PROCEDURE request_cancel (p_booking_id IN NUMBER, p_actor_id IN NUMBER, p_reason IN VARCHAR2) IS
  BEGIN
    UPDATE bookings
       SET cancel_reason       = p_reason,
           cancel_requested_by = p_actor_id,
           cancel_requested_at = SYSTIMESTAMP
     WHERE booking_id = p_booking_id;
    change_status(p_booking_id, 'CANCEL_REQUESTED', p_actor_id, p_reason);
  END request_cancel;

  -- אישור ביטול ע"י הסוכן — שלב 2
  PROCEDURE confirm_cancel (p_booking_id IN NUMBER, p_actor_id IN NUMBER, p_note IN VARCHAR2 DEFAULT NULL) IS
  BEGIN
    change_status(p_booking_id, 'CANCELLED', p_actor_id, p_note);
  END confirm_cancel;

END booking_pkg;
/

SHOW ERRORS

--------------------------------------------------------------------------------
-- קביעת סיסמאות ברירת מחדל למשתמשי הדמו (לשנות לפני שימוש אמיתי!)
--------------------------------------------------------------------------------
BEGIN
  booking_pkg.set_password('admin',          'Arkia2026!');
  booking_pkg.set_password('initiator_acmi', 'Arkia2026!');
  booking_pkg.set_password('approver_acmi',  'Arkia2026!');
  booking_pkg.set_password('finance',        'Arkia2026!');
  booking_pkg.set_password('toustous',       'Arkia2026!');
  COMMIT;
END;
/

PROMPT ✔ 03_booking_pkg.sql — החבילה הותקנה וסיסמאות ברירת מחדל נקבעו (Arkia2026!).

PROMPT ==== 04: Views ====
--------------------------------------------------------------------------------
-- מערכת תיעוד הזמנות טיסות (ארקיע)
-- 04_views.sql — Views לדוחות, לדשבורד הכספים ולציר-הזמן
--
-- תוויות הסטטוס/המחלקה נבחרות לפי שפת הסשן (booking_pkg.current_lang):
-- HE → עברית, EN → אנגלית. כך אותו Report מוצג דו-לשונית ללא שכפול.
--------------------------------------------------------------------------------

-- תצוגת הזמנות מועשרת — הבסיס להזמנות המחלקה, למסך הסוכן ולדשבורד הכספים
CREATE OR REPLACE VIEW v_bookings AS
SELECT
  b.booking_id,
  b.status                                   AS status_code,
  CASE booking_pkg.current_lang WHEN 'EN' THEN st.label_en ELSE st.label_he END AS status_label,
  st.is_terminal,
  b.dept_id,
  CASE booking_pkg.current_lang WHEN 'EN' THEN NVL(d.name_en, d.name_he) ELSE d.name_he END AS dept_name,
  b.open_date,
  b.departure_date,
  b.ticketing_date,
  b.price,
  b.currency_code,
  cur.symbol                                 AS currency_symbol,
  b.pnr,
  b.unique_booking_ref,
  b.initiator_id,
  ini.full_name                              AS initiator_name,
  b.agent_id,
  ag.agency_name                             AS agency_name,
  b.approver_id,
  apr.full_name                              AS approver_name,
  b.quote_notes,
  b.trip_details,
  b.rejection_reason,
  b.cancel_reason,
  b.cancel_requested_at,
  b.created_at,
  b.updated_at,
  (SELECT COUNT(*) FROM booking_files f WHERE f.booking_id = b.booking_id AND f.file_kind = 'QUOTE_SCREENSHOT') AS has_quote_file,
  (SELECT COUNT(*) FROM booking_files f WHERE f.booking_id = b.booking_id AND f.file_kind = 'FINAL_TICKET')     AS has_ticket_file
FROM bookings b
JOIN statuses    st  ON st.status_code   = b.status
JOIN departments d   ON d.dept_id        = b.dept_id
JOIN currencies  cur ON cur.code         = b.currency_code
JOIN app_users   ini ON ini.user_id      = b.initiator_id
LEFT JOIN agents    ag  ON ag.agent_id    = b.agent_id
LEFT JOIN app_users apr ON apr.user_id    = b.approver_id;

-- ציר-זמן הסטטוסים של הזמנה: מי ביצע, מתי, ממה למה (למסך הפירוט)
CREATE OR REPLACE VIEW v_booking_timeline AS
SELECT
  l.log_id,
  l.booking_id,
  l.action_at,
  u.full_name AS action_by_name,
  l.from_status,
  CASE booking_pkg.current_lang WHEN 'EN' THEN sf.label_en ELSE sf.label_he END AS from_label,
  l.to_status,
  CASE booking_pkg.current_lang WHEN 'EN' THEN st.label_en ELSE st.label_he END AS to_label,
  l.note
FROM booking_status_log l
JOIN app_users u  ON u.user_id      = l.action_by
LEFT JOIN statuses sf ON sf.status_code = l.from_status
JOIN statuses st ON st.status_code   = l.to_status;

-- סיכום כספים — צבירה לפי מחלקה / סטטוס / מטבע / חודש (לכרטיסי הדשבורד)
CREATE OR REPLACE VIEW v_finance_summary AS
SELECT
  b.dept_id,
  CASE booking_pkg.current_lang WHEN 'EN' THEN NVL(d.name_en, d.name_he) ELSE d.name_he END AS dept_name,
  b.status                                   AS status_code,
  CASE booking_pkg.current_lang WHEN 'EN' THEN st.label_en ELSE st.label_he END AS status_label,
  b.currency_code,
  TO_CHAR(b.open_date, 'YYYY-MM')            AS open_month,
  COUNT(*)                                    AS bookings_cnt,
  SUM(b.price)                                AS total_price,
  AVG(b.price)                                AS avg_price
FROM bookings b
JOIN departments d ON d.dept_id     = b.dept_id
JOIN statuses    st ON st.status_code = b.status
GROUP BY
  b.dept_id, d.name_en, d.name_he, b.status, st.label_en, st.label_he,
  b.currency_code, TO_CHAR(b.open_date, 'YYYY-MM');

PROMPT ✔ 04_views.sql — ה-Views נוצרו בהצלחה.

PROMPT ✔ install_all.sql — ההתקנה המלאה הושלמה.
